Date received,Product,Sub-product,Issue,Sub-issue,Consumer complaint narrative,Company public response,Company,State,ZIP code,Tags,Consumer consent provided?,Submitted via,Date sent to company,Company response to consumer,Timely response?,Consumer disputed?,Complaint ID
09/12/2016,Credit reporting,,Credit reporting company's investigation,Investigation took too long,,,Equifax,TX,770XX,Servicemember,,Web,09/12/2016,In progress,Yes,,2105582
09/12/2016,Debt collection,Medical,Cont'd attempts collect debt not owed,Debt was paid,,Company believes it acted appropriately as authorized by contract or law,First Federal Credit Control,FL,331XX,,,Web,09/14/2016,Closed with explanation,Yes,,2105601
09/12/2016,Credit card,,Customer service / Customer relations,,,,Capital One,VA,236XX,,,Web,09/12/2016,Closed with explanation,Yes,,2105562
09/12/2016,Credit reporting,,Credit reporting company's investigation,Problem with statement of dispute,,,Equifax,MI,483XX,,,Web,09/12/2016,In progress,Yes,,2105659
09/12/2016,Mortgage,Conventional fixed mortgage,"Loan modification,collection,foreclosure",,,Company has responded to the consumer and the CFPB and chooses not to provide a public response,Bank of America,CA,917XX,,,Web,09/12/2016,Closed with explanation,Yes,,2105501
09/12/2016,Debt collection,"Other (i.e. phone, health club, etc.)",Cont'd attempts collect debt not owed,Debt resulted from identity theft,,,Transworld Systems Inc.,WA,98103,,,Web,09/12/2016,Closed with explanation,Yes,,2105655
09/12/2016,Debt collection,"Other (i.e. phone, health club, etc.)",Cont'd attempts collect debt not owed,Debt is not mine,,Company believes the complaint is the result of a misunderstanding,"Hunter Warfield, Inc.",FL,334XX,,,Web,09/12/2016,Closed with explanation,Yes,Yes,2105689
09/12/2016,Credit reporting,,Credit reporting company's investigation,Problem with statement of dispute,,,Equifax,CA,92658,Older American,,Web,09/12/2016,Closed with explanation,Yes,Yes,2105505
09/12/2016,Consumer Loan,Vehicle loan,Problems when you are unable to pay,,,,Navy FCU,OR,973XX,Servicemember,,Web,09/12/2016,In progress,Yes,,2105708
09/12/2016,Other financial service,Credit repair,Excessive fees,,,Company disputes the facts presented in the complaint,Park View Credit,NH,031XX,,,Web,09/12/2016,Closed with explanation,Yes,,2105432
09/12/2016,Credit reporting,,Incorrect information on credit report,Account status,,,Equifax,VA,223XX,Servicemember,,Web,09/12/2016,In progress,Yes,,2105706
09/12/2016,Credit reporting,,Incorrect information on credit report,Information is not mine,,,Equifax,CA,91367,,,Web,09/12/2016,Closed with explanation,Yes,,2105424
09/12/2016,Debt collection,"Other (i.e. phone, health club, etc.)",Disclosure verification of debt,Right to dispute notice not received,,,"States Recovery Systems, Inc.",CA,95833,,,Web,09/12/2016,Closed with explanation,Yes,Yes,2105578
09/12/2016,Mortgage,Conventional fixed mortgage,"Loan servicing, payments, escrow account",,,Company has responded to the consumer and the CFPB and chooses not to provide a public response,Wells Fargo & Company,GA,300XX,,,Web,09/12/2016,Closed with explanation,Yes,,2105642
09/12/2016,Mortgage,FHA mortgage,Credit decision / Underwriting,,,,Academy Mortgage,UT,840XX,,,Web,09/12/2016,Closed with explanation,Yes,Yes,2107737
09/12/2016,Credit reporting,,Unable to get credit report/credit score,Problem getting report or credit score,,,Equifax,IL,606XX,,,Web,09/12/2016,Closed with explanation,Yes,Yes,2107442
09/12/2016,Credit card,,Advertising and marketing,,,,Amex,CA,951XX,,,Web,09/12/2016,Closed with explanation,Yes,,2106933
09/12/2016,Bank account or service,Checking account,Problems caused by my funds being low,,,Company has responded to the consumer and the CFPB and chooses not to provide a public response,Santander Bank US,AZ,85143,,Consent not provided,Web,09/14/2016,Closed with explanation,Yes,,2107803
09/12/2016,Credit card,,Rewards,,,,Amex,TX,770XX,,,Web,09/12/2016,Closed with explanation,Yes,,2105922
09/12/2016,Debt collection,Medical,Disclosure verification of debt,Not given enough info to verify debt,,,"Designed Receivable Solultions, Inc.",CA,90280,,,Web,09/12/2016,Closed with explanation,Yes,Yes,2106726
09/12/2016,Debt collection,"Other (i.e. phone, health club, etc.)",Cont'd attempts collect debt not owed,Debt is not mine,,Company believes it acted appropriately as authorized by contract or law,"The CMI Group, Inc.",GA,300XX,,,Web,09/12/2016,Closed with non-monetary relief,Yes,,2105950
09/12/2016,Debt collection,"Other (i.e. phone, health club, etc.)",Cont'd attempts collect debt not owed,Debt is not mine,,,"Carter-Young, Inc.",KS,672XX,,,Web,09/12/2016,In progress,Yes,,2107545
09/12/2016,Credit reporting,,Incorrect information on credit report,Information is not mine,,Company has responded to the consumer and the CFPB and chooses not to provide a public response,"TransUnion Intermediate Holdings, Inc.",MO,640XX,,,Web,09/12/2016,Closed with explanation,Yes,Yes,2107654
09/12/2016,Credit reporting,,Incorrect information on credit report,Information is not mine,,,Equifax,IL,604XX,,,Web,09/12/2016,Closed with explanation,Yes,Yes,2106170
09/12/2016,Mortgage,Other mortgage,Other,,,,"Bayview Loan Servicing, LLC",AZ,85213,,N/A,Referral,09/14/2016,In progress,Yes,,2106495
09/12/2016,Credit reporting,,Incorrect information on credit report,Information is not mine,,,Equifax,NY,11206,,,Web,09/13/2016,Closed with explanation,Yes,,2107071
09/12/2016,Credit reporting,,Improper use of my credit report,Report improperly shared by CRC,,,"ONLINE Information Services, Inc.",FL,331XX,Older American,,Web,09/13/2016,Closed with explanation,Yes,,2108099
09/12/2016,Debt collection,Auto,False statements or representation,Attempted to collect wrong amount,,,GM Financial,TX,770XX,Older American,,Web,09/12/2016,Closed with explanation,Yes,,2106844
09/12/2016,Credit reporting,,Credit reporting company's investigation,Investigation took too long,,,Equifax,NY,103XX,,,Web,09/12/2016,Closed with explanation,Yes,,2106088
09/12/2016,Credit card,,Billing disputes,,,Company has responded to the consumer and the CFPB and chooses not to provide a public response,Barclays PLC,MA,02726,,N/A,Referral,09/14/2016,Closed with explanation,Yes,,2107220
09/12/2016,Debt collection,Medical,Disclosure verification of debt,Right to dispute notice not received,,,Transworld Systems Inc.,GA,30007,,,Web,09/13/2016,Closed with explanation,Yes,,2106000
09/12/2016,Debt collection,Medical,Disclosure verification of debt,Right to dispute notice not received,,,Avante,FL,330XX,,,Web,09/14/2016,Closed with explanation,Yes,,2107648
09/12/2016,Debt collection,"Other (i.e. phone, health club, etc.)",Cont'd attempts collect debt not owed,Debt was paid,,Company believes the complaint is the result of a misunderstanding,"Hunter Warfield, Inc.",NC,27526,,Consent not provided,Web,09/12/2016,Closed with explanation,Yes,,2106012
09/12/2016,Credit card,,Billing disputes,,,,"Continental Finance Company, LLC",TX,750XX,,,Web,09/12/2016,In progress,Yes,,2107788
09/12/2016,Debt collection,I do not know,Disclosure verification of debt,Not given enough info to verify debt,,Company has responded to the consumer and the CFPB and chooses not to provide a public response,"Progressive Financial Services, Inc.",GA,30080,,Consent not provided,Web,09/12/2016,Closed with explanation,Yes,,2107812
09/12/2016,Credit reporting,,Credit reporting company's investigation,No notice of investigation status/result,,,Equifax,NY,104XX,,,Web,09/12/2016,Closed with explanation,Yes,Yes,2106838
09/12/2016,Credit reporting,,Incorrect information on credit report,Information is not mine,,,Equifax,MN,550XX,,,Web,09/12/2016,In progress,Yes,,2108141
09/12/2016,Credit reporting,,Credit reporting company's investigation,Inadequate help over the phone,,Company has responded to the consumer and the CFPB and chooses not to provide a public response,"TransUnion Intermediate Holdings, Inc.",FL,333XX,,,Web,09/12/2016,Closed with explanation,Yes,,2107218
09/12/2016,Credit reporting,,Credit reporting company's investigation,Problem with statement of dispute,,,"TransUnion Intermediate Holdings, Inc.",NY,104XX,,,Web,09/12/2016,In progress,Yes,,2106383
09/12/2016,Credit reporting,,Incorrect information on credit report,Information is not mine,,Company has responded to the consumer and the CFPB and chooses not to provide a public response,"TransUnion Intermediate Holdings, Inc.",GA,30080,,Consent not provided,Web,09/12/2016,Closed with explanation,Yes,,2106296
09/12/2016,Credit reporting,,Incorrect information on credit report,Information is not mine,,Company has responded to the consumer and the CFPB and chooses not to provide a public response,"TransUnion Intermediate Holdings, Inc.",GA,30080,,Consent not provided,Web,09/12/2016,Closed with explanation,Yes,,2106122
09/12/2016,Credit reporting,,Improper use of my credit report,Report improperly shared by CRC,,,Equifax,CA,941XX,,,Web,09/12/2016,Closed with explanation,Yes,,2106984
09/12/2016,Debt collection,Medical,Cont'd attempts collect debt not owed,Debt is not mine,,,Creditors Bureau Associates,FL,325XX,,,Web,09/14/2016,Closed with explanation,Yes,Yes,2107014
09/12/2016,Credit reporting,,Incorrect information on credit report,Account terms,,Company has responded to the consumer and the CFPB and chooses not to provide a public response,"TransUnion Intermediate Holdings, Inc.",CA,90405,,Consent not provided,Web,09/12/2016,Closed with non-monetary relief,Yes,,2107828
09/12/2016,Debt collection,Medical,False statements or representation,Attempted to collect wrong amount,,Company has responded to the consumer and the CFPB and chooses not to provide a public response,"Healthcare Collections-I, LLC",AZ,853XX,,,Web,09/12/2016,Closed with explanation,Yes,,2106896
09/12/2016,Debt collection,I do not know,Taking/threatening an illegal action,Threatened to sue on too old debt,,,"Financial Credit Service, Inc.",TX,775XX,"Older American, Servicemember",,Web,09/12/2016,Closed with explanation,Yes,,2107786
09/12/2016,Credit reporting,,Incorrect information on credit report,Account status,,Company has responded to the consumer and the CFPB and chooses not to provide a public response,"TransUnion Intermediate Holdings, Inc.",TX,773XX,,,Web,09/12/2016,Closed with non-monetary relief,Yes,,2107172
09/12/2016,Credit card,,Credit card protection / Debt protection,,,,HSBC North America Holdings Inc.,FL,33647,,,Web,09/12/2016,Closed with explanation,Yes,,2107954
09/12/2016,Debt collection,"Other (i.e. phone, health club, etc.)",Taking/threatening an illegal action,Threatened to sue on too old debt,,,"OneMain Financial Holdings, LLC",CA,94533,,,Web,09/12/2016,In progress,Yes,,2107034
09/12/2016,Credit reporting,,Incorrect information on credit report,Account status,,,Equifax,TX,773XX,,,Web,09/12/2016,In progress,Yes,,2107020
09/12/2016,Bank account or service,Other bank product/service,"Account opening, closing, or management",,,,JPMorgan Chase & Co.,FL,33417,,,Web,09/12/2016,Closed with explanation,Yes,,2107575
09/12/2016,Money transfers,International money transfer,Fraud or scam,,,,MoneyGram,TX,794XX,,Other,Web,09/14/2016,In progress,Yes,,2106720
09/12/2016,Credit reporting,,Incorrect information on credit report,Information is not mine,,,Equifax,FL,33417,,,Web,09/12/2016,Closed with explanation,Yes,Yes,2106373
09/12/2016,Credit reporting,,Incorrect information on credit report,Account terms,,,Equifax,FL,32043,,,Web,09/12/2016,In progress,Yes,,2107064
09/12/2016,Credit reporting,,Incorrect information on credit report,Public record,,,Equifax,NV,89012,Older American,,Web,09/12/2016,In progress,Yes,,2107792
09/12/2016,Mortgage,Conventional adjustable mortgage (ARM),"Loan servicing, payments, escrow account",,,,"Bayview Loan Servicing, LLC",CA,95032,,,Web,09/12/2016,In progress,Yes,,2105983
09/12/2016,Bank account or service,Other bank product/service,"Account opening, closing, or management",,,,JPMorgan Chase & Co.,FL,33417,,,Web,09/12/2016,Closed with explanation,Yes,,2106372
09/12/2016,Credit reporting,,Incorrect information on credit report,Information is not mine,,,Equifax,AZ,85718,,,Web,09/12/2016,Closed with explanation,Yes,Yes,2106067
09/12/2016,Credit reporting,,Incorrect information on credit report,Account status,,,"TransUnion Intermediate Holdings, Inc.",IL,622XX,,,Web,09/12/2016,In progress,Yes,,2107428
09/12/2016,Credit card,,APR or interest rate,,,,JPMorgan Chase & Co.,FL,32097,,,Web,09/12/2016,Closed with explanation,Yes,,2105874
09/12/2016,Credit card,,Rewards,,,,Amex,CA,95616,,,Web,09/12/2016,Closed with explanation,Yes,,2106790
09/12/2016,Credit reporting,,Incorrect information on credit report,Reinserted previously deleted info,,,Equifax,MI,492XX,,,Web,09/13/2016,In progress,Yes,,2107751
09/12/2016,Credit reporting,,Incorrect information on credit report,Information is not mine,,,Equifax,AZ,85016,,,Web,09/12/2016,Closed with explanation,Yes,,2105752
09/12/2016,Debt collection,I do not know,Disclosure verification of debt,Not given enough info to verify debt,,,"Optimum Outcomes, Inc.",NC,27704,,N/A,Postal mail,09/14/2016,In progress,Yes,,2107524
09/12/2016,Credit reporting,,Incorrect information on credit report,Information is not mine,,,Equifax,CA,92543,,N/A,Phone,09/12/2016,Closed with explanation,Yes,,2105753
09/12/2016,Consumer Loan,Vehicle loan,Managing the loan or lease,,,,Ally Financial Inc.,NC,277XX,,Other,Web,09/12/2016,In progress,Yes,,2106389
09/12/2016,Credit reporting,,Incorrect information on credit report,Information is not mine,,,Equifax,VA,22601,,,Web,09/12/2016,Closed with explanation,Yes,,2107382
09/12/2016,Mortgage,Conventional fixed mortgage,"Loan modification,collection,foreclosure",,,,"Fay Servicing, LLC",NY,11413,,,Web,09/12/2016,Closed with explanation,Yes,,2107004
09/12/2016,Bank account or service,Other bank product/service,Problems caused by my funds being low,,,,JPMorgan Chase & Co.,WA,98051,,N/A,Referral,09/14/2016,Closed with explanation,Yes,,2106727
09/12/2016,Credit reporting,,Credit reporting company's investigation,No notice of investigation status/result,,,Equifax,OH,430XX,,,Web,09/12/2016,Closed with explanation,Yes,Yes,2106046
09/12/2016,Debt collection,I do not know,Disclosure verification of debt,Not given enough info to verify debt,,,"Optimum Outcomes, Inc.",NC,27704,,N/A,Postal mail,09/14/2016,Closed with explanation,Yes,,2106603
09/12/2016,Credit reporting,,Incorrect information on credit report,Public record,,,Equifax,TX,77070,,,Web,09/12/2016,Closed with explanation,Yes,,2106442
09/12/2016,Credit reporting,,Incorrect information on credit report,Information is not mine,,,Equifax,SC,29073,Servicemember,N/A,Phone,09/12/2016,Closed with explanation,Yes,,2107657
09/12/2016,Credit reporting,,Incorrect information on credit report,Information is not mine,,Company has responded to the consumer and the CFPB and chooses not to provide a public response,"TransUnion Intermediate Holdings, Inc.",SC,29073,Servicemember,N/A,Phone,09/12/2016,Closed with non-monetary relief,Yes,,2106831
09/12/2016,Other financial service,Debt settlement,Fraud or scam,,,Company believes the complaint is the result of a misunderstanding,Student Services,TX,78753,,Consent not provided,Web,09/12/2016,Closed with monetary relief,Yes,,2108121
09/12/2016,Credit card,,Rewards,,,,Amex,MA,02169,,,Web,09/12/2016,Closed with explanation,Yes,,2107236
09/12/2016,Debt collection,Medical,False statements or representation,Attempted to collect wrong amount,,Company has responded to the consumer and the CFPB and chooses not to provide a public response,"Healthcare Collections-I, LLC",AZ,853XX,,,Web,09/12/2016,Closed with explanation,Yes,,2108010
09/12/2016,Credit reporting,,Incorrect information on credit report,Reinserted previously deleted info,,Company has responded to the consumer and the CFPB and chooses not to provide a public response,"TransUnion Intermediate Holdings, Inc.",TX,750XX,,,Web,09/12/2016,Closed with non-monetary relief,Yes,,2108032
09/12/2016,Credit reporting,,Incorrect information on credit report,Account status,,Company has responded to the consumer and the CFPB and chooses not to provide a public response,"TransUnion Intermediate Holdings, Inc.",IL,606XX,,,Web,09/12/2016,Closed with non-monetary relief,Yes,,2106812
09/12/2016,Bank account or service,Checking account,Using a debit or ATM card,,,Company has responded to the consumer and the CFPB and chooses not to provide a public response,Banco Popular de Puerto Rico,CA,945XX,Older American,,Web,09/12/2016,Closed with explanation,Yes,,2106732
09/12/2016,Bank account or service,Checking account,"Account opening, closing, or management",,,Company has responded to the consumer and the CFPB and chooses not to provide a public response,Wells Fargo & Company,TX,794XX,,,Web,09/12/2016,Closed with explanation,Yes,,2108014
09/12/2016,Debt collection,Medical,Cont'd attempts collect debt not owed,Debt is not mine,,Company believes complaint caused principally by actions of third party outside the control or direction of the company,"Credit Bureau Systems, Inc.",KY,41701,,N/A,Phone,09/12/2016,Closed with explanation,Yes,,2107525
09/12/2016,Credit card,,Identity theft / Fraud / Embezzlement,,,,Amex,VA,220XX,Older American,,Web,09/12/2016,Closed with non-monetary relief,Yes,,2106488
09/12/2016,Credit reporting,,Credit reporting company's investigation,No notice of investigation status/result,,,Equifax,MN,553XX,,,Web,09/12/2016,In progress,Yes,,2107439
09/12/2016,Bank account or service,Checking account,Using a debit or ATM card,,,,Union Bank,CA,92253,Servicemember,,Web,09/12/2016,Closed with explanation,Yes,,2106201
09/12/2016,Mortgage,VA mortgage,"Loan servicing, payments, escrow account",,,Company has responded to the consumer and the CFPB and chooses not to provide a public response,Freedom Mortgage,FL,33317,"Older American, Servicemember",N/A,Phone,09/14/2016,Closed with explanation,Yes,,2106200
09/12/2016,Debt collection,"Other (i.e. phone, health club, etc.)",Cont'd attempts collect debt not owed,Debt is not mine,,,"ResidentCollect, Inc.",TX,750XX,,,Web,09/12/2016,Closed with explanation,Yes,,2107791
09/12/2016,Debt collection,Medical,Disclosure verification of debt,Right to dispute notice not received,,Company believes it acted appropriately as authorized by contract or law,Horizon Financial Management,NY,10977,,Consent not provided,Web,09/12/2016,Closed with explanation,Yes,,2106302
09/12/2016,Credit reporting,,Credit reporting company's investigation,No notice of investigation status/result,,,Equifax,NC,27302,,,Web,09/12/2016,Closed with explanation,Yes,,2106398
09/12/2016,Credit card,,Other,,,Company has responded to the consumer and the CFPB and chooses not to provide a public response,Wells Fargo & Company,NM,880XX,,,Web,09/12/2016,Closed with explanation,Yes,,2107510
09/12/2016,Credit reporting,,Credit reporting company's investigation,No notice of investigation status/result,,Company has responded to the consumer and the CFPB and chooses not to provide a public response,"TransUnion Intermediate Holdings, Inc.",NC,27302,,Consent not provided,Web,09/12/2016,Closed with explanation,Yes,,2107864
09/12/2016,Debt collection,Credit card,Cont'd attempts collect debt not owed,Debt is not mine,,Company has responded to the consumer and the CFPB and chooses not to provide a public response,Citibank,,,,Consent not provided,Web,09/12/2016,Closed with non-monetary relief,Yes,,2107823
09/12/2016,Mortgage,Conventional fixed mortgage,"Application, originator, mortgage broker",,,,"Mortgage Capital Associates, Inc.",WA,98022,,,Web,09/12/2016,Closed with monetary relief,Yes,,2108120
09/12/2016,Bank account or service,Checking account,"Account opening, closing, or management",,,,JPMorgan Chase & Co.,NY,100XX,,,Web,09/12/2016,Closed with explanation,Yes,,2106617
09/12/2016,Mortgage,Conventional fixed mortgage,"Loan modification,collection,foreclosure",,,,"Bayview Loan Servicing, LLC",MD,207XX,,,Web,09/12/2016,In progress,Yes,,2105986
09/12/2016,Debt collection,I do not know,Improper contact or sharing of info,Contacted me after I asked not to,,Company has responded to the consumer and the CFPB and chooses not to provide a public response,"Meridian Financial Services, Inc.",WA,986XX,,,Web,09/12/2016,Closed with explanation,Yes,,2108019
09/12/2016,Credit reporting,,Credit reporting company's investigation,Investigation took too long,,,Equifax,NC,27834,,,Web,09/12/2016,Closed with explanation,Yes,Yes,2107906
09/12/2016,Debt collection,"Other (i.e. phone, health club, etc.)",Disclosure verification of debt,Not given enough info to verify debt,,Company believes it acted appropriately as authorized by contract or law,"Stallings Financial Group, Inc.",GA,300XX,,,Web,09/12/2016,Closed with explanation,Yes,Yes,2108015
09/12/2016,Credit reporting,,Credit reporting company's investigation,Investigation took too long,,,Equifax,TX,75035,,,Web,09/12/2016,Closed with explanation,Yes,,2107763
09/12/2016,Credit reporting,,Incorrect information on credit report,Information is not mine,,Company has responded to the consumer and the CFPB and chooses not to provide a public response,"TransUnion Intermediate Holdings, Inc.",FL,34482,,Consent not provided,Web,09/12/2016,Closed with explanation,Yes,,2107579
09/12/2016,Debt collection,"Other (i.e. phone, health club, etc.)",Cont'd attempts collect debt not owed,Debt was paid,,Company has responded to the consumer and the CFPB and chooses not to provide a public response,"Convergent Resources, Inc.",TN,381XX,,,Web,09/15/2016,Closed with explanation,Yes,,2106810
09/12/2016,Debt collection,"Other (i.e. phone, health club, etc.)",Cont'd attempts collect debt not owed,Debt was paid,,,First Advantage LNS Inc.,MD,212XX,,,Web,09/12/2016,Closed with explanation,Yes,,2107743
09/12/2016,Credit reporting,,Incorrect information on credit report,Information is not mine,,,"TransUnion Intermediate Holdings, Inc.",LA,712XX,,,Web,09/12/2016,In progress,Yes,,2105921
09/12/2016,Credit card,,Transaction issue,,,,Amex,WA,98004,Servicemember,,Web,09/12/2016,Closed with monetary relief,Yes,,2106742
09/12/2016,Debt collection,Payday loan,Cont'd attempts collect debt not owed,Debt is not mine,,,Ad Astra Recovery Services Inc,IL,602XX,,,Web,09/12/2016,Closed with explanation,Yes,,2107693
09/12/2016,Debt collection,I do not know,Disclosure verification of debt,Not given enough info to verify debt,,,"Optimum Outcomes, Inc.",NC,27704,,N/A,Postal mail,09/14/2016,In progress,Yes,,2106017
09/12/2016,Debt collection,Medical,Cont'd attempts collect debt not owed,Debt was paid,,,"APEX Asset Management, LLC",NJ,08043,Older American,,Web,09/12/2016,In progress,Yes,,2107541
09/12/2016,Credit reporting,,Incorrect information on credit report,Information is not mine,,,Equifax,FL,34482,,,Web,09/12/2016,Closed with explanation,Yes,,2106714
09/12/2016,Credit reporting,,Incorrect information on credit report,Reinserted previously deleted info,,,Equifax,NC,273XX,,,Web,09/12/2016,Closed with explanation,Yes,Yes,2106555
09/12/2016,Debt collection,I do not know,Cont'd attempts collect debt not owed,Debt is not mine,,Company believes it acted appropriately as authorized by contract or law,ERC,AZ,852XX,,,Web,09/12/2016,Closed with non-monetary relief,Yes,,2106594
09/12/2016,Credit card,,Rewards,,,,Amex,MI,481XX,,,Web,09/12/2016,Closed with explanation,Yes,,2106191
09/12/2016,Debt collection,I do not know,Disclosure verification of debt,Not given enough info to verify debt,,Company believes it acted appropriately as authorized by contract or law,"ATG Credit, LLC",IL,60605,,N/A,Phone,09/14/2016,Closed with explanation,Yes,,2107092
09/12/2016,Bank account or service,Savings account,"Account opening, closing, or management",,,,Ally Financial Inc.,FL,33511,,N/A,Referral,09/15/2016,In progress,Yes,,2107349
09/12/2016,Debt collection,"Other (i.e. phone, health club, etc.)",Disclosure verification of debt,Not given enough info to verify debt,,Company has responded to the consumer and the CFPB and chooses not to provide a public response,"Debt Recovery Solutions, LLC",VA,23359,,N/A,Referral,09/15/2016,Closed with explanation,Yes,,2106988
09/12/2016,Credit reporting,,Unable to get credit report/credit score,Problem getting my free annual report,,,Equifax,FL,33321,Older American,N/A,Phone,09/12/2016,Closed with explanation,Yes,,2106171
09/12/2016,Credit reporting,,Credit reporting company's investigation,Investigation took too long,,,Equifax,CA,902XX,,,Web,09/12/2016,Closed with explanation,Yes,,2108096
09/12/2016,Consumer Loan,Installment loan,Managing the loan or lease,,,Company can't verify or dispute the facts in the complaint,"CashCall, Inc.",NV,89134,,Other,Web,09/14/2016,Closed with explanation,Yes,,2107217
09/12/2016,Bank account or service,Other bank product/service,Deposits and withdrawals,,,Company has responded to the consumer and the CFPB and chooses not to provide a public response,Wells Fargo & Company,NC,276XX,Older American,,Web,09/12/2016,Closed with explanation,Yes,,2107736
09/12/2016,Credit reporting,,Credit reporting company's investigation,Investigation took too long,,,Equifax,OR,973XX,,,Web,09/12/2016,Closed with explanation,Yes,,2107889
09/12/2016,Debt collection,"Other (i.e. phone, health club, etc.)",Disclosure verification of debt,Not given enough info to verify debt,,,"Charlottesville Bureau of Credits, Inc",NC,27704,,N/A,Postal mail,09/14/2016,Closed with explanation,Yes,,2106796
09/12/2016,Credit card,,Credit card protection / Debt protection,,,Company has responded to the consumer and the CFPB and chooses not to provide a public response,Wells Fargo & Company,NC,285XX,Older American,,Web,09/15/2016,Closed with explanation,Yes,,2106238
09/12/2016,Consumer Loan,Vehicle loan,Managing the loan or lease,,,,Ally Financial Inc.,CT,065XX,,,Web,09/12/2016,In progress,Yes,,2105884
09/12/2016,Credit card,,Rewards,,,,Amex,AZ,852XX,,,Web,09/12/2016,Closed with explanation,Yes,Yes,2106744
09/12/2016,Credit reporting,,Credit reporting company's investigation,Problem with statement of dispute,,,Equifax,FL,339XX,,,Web,09/12/2016,Closed with explanation,Yes,,2106115
09/12/2016,Credit reporting,,Incorrect information on credit report,Information is not mine,,,Equifax,,,,N/A,Phone,09/12/2016,Closed with explanation,Yes,,2106768
09/12/2016,Credit reporting,,Improper use of my credit report,Report improperly shared by CRC,,,Equifax,NY,112XX,,,Web,09/12/2016,Closed with explanation,Yes,Yes,2107263
09/12/2016,Credit reporting,,Incorrect information on credit report,Information is not mine,,Company has responded to the consumer and the CFPB and chooses not to provide a public response,"TransUnion Intermediate Holdings, Inc.",,,,N/A,Phone,09/12/2016,Closed with explanation,Yes,,2107612
09/12/2016,Credit card,,Advertising and marketing,,,,Amex,NY,11230,,,Web,09/12/2016,Closed with explanation,Yes,,2106460
09/12/2016,Credit reporting,,Credit reporting company's investigation,Problem with statement of dispute,,,"TransUnion Intermediate Holdings, Inc.",FL,339XX,,,Web,09/12/2016,In progress,Yes,,2108100
09/12/2016,Credit reporting,,Credit reporting company's investigation,No notice of investigation status/result,,,Equifax,NY,121XX,,,Web,09/12/2016,Closed with explanation,Yes,,2107639
09/12/2016,Bank account or service,Other bank product/service,"Making/receiving payments, sending money",,,Company has responded to the consumer and the CFPB and chooses not to provide a public response,Wells Fargo & Company,NC,282XX,Older American,,Web,09/12/2016,Closed with explanation,Yes,,2107588
09/12/2016,Debt collection,Auto,Cont'd attempts collect debt not owed,Debt is not mine,,Company has responded to the consumer and the CFPB and chooses not to provide a public response,"CMRE Financial Services, Inc.",CA,946XX,,,Web,09/12/2016,Closed with explanation,Yes,,2106386
09/12/2016,Credit reporting,,Incorrect information on credit report,Account status,,,Equifax,VA,22306,Servicemember,,Web,09/12/2016,Closed with explanation,Yes,Yes,2106420
09/12/2016,Credit reporting,,Incorrect information on credit report,Reinserted previously deleted info,,,Equifax,WA,98199,,,Web,09/12/2016,Closed with explanation,Yes,Yes,2106712
09/12/2016,Debt collection,Medical,Cont'd attempts collect debt not owed,Debt is not mine,,Company has responded to the consumer and the CFPB and chooses not to provide a public response,"Navient Solutions, Inc.",NE,68112,,N/A,Phone,09/12/2016,Closed with explanation,Yes,,2107885
09/12/2016,Credit card,,Rewards,,,,Amex,CA,943XX,,,Web,09/12/2016,Closed with explanation,Yes,Yes,2106848
09/13/2016,Credit reporting,,Unable to get credit report/credit score,Problem getting report or credit score,,Company believes complaint caused principally by actions of third party outside the control or direction of the company,"Credit Karma, Inc.",SC,29853,,Consent not provided,Web,09/13/2016,Closed with explanation,Yes,,2109820
09/13/2016,Debt collection,Medical,Communication tactics,Threatened to take legal action,,Company has responded to the consumer and the CFPB and chooses not to provide a public response,"WAKEFIELD & ASSOCIATES, INC.",CO,801XX,Servicemember,,Web,09/13/2016,Closed with explanation,Yes,,2106706
09/13/2016,Consumer Loan,Vehicle loan,Managing the loan or lease,,,,Ally Financial Inc.,MA,01876,,,Web,09/13/2016,In progress,Yes,,2107629
09/13/2016,Credit reporting,,Incorrect information on credit report,Public record,,Company has responded to the consumer and the CFPB and chooses not to provide a public response,"TransUnion Intermediate Holdings, Inc.",MI,48197,,Consent not provided,Web,09/13/2016,Closed with explanation,Yes,,2107361
09/13/2016,Credit reporting,,Incorrect information on credit report,Public record,,,Equifax,MI,48197,,,Web,09/13/2016,Closed with explanation,Yes,,2107705
09/13/2016,Debt collection,I do not know,Disclosure verification of debt,Not given enough info to verify debt,,Company believes it acted appropriately as authorized by contract or law,ERC,MD,20781,,Consent not provided,Web,09/13/2016,Closed,Yes,,2106007
09/13/2016,Credit reporting,,Incorrect information on credit report,Information is not mine,,,Equifax,OR,970XX,,,Web,09/13/2016,Closed with explanation,Yes,,2107345
09/13/2016,Credit reporting,,Incorrect information on credit report,Account status,,,Equifax,NY,130XX,,,Web,09/13/2016,Closed with explanation,Yes,,2105791
09/13/2016,Debt collection,Medical,Cont'd attempts collect debt not owed,Debt was paid,,,Alorica Inc.,TN,37076,,,Web,09/13/2016,In progress,Yes,,2106157
09/13/2016,Credit reporting,,Incorrect information on credit report,Account status,,,Equifax,NY,130XX,,,Web,09/13/2016,Closed with explanation,Yes,,2107322
09/13/2016,Credit reporting,,Improper use of my credit report,Report improperly shared by CRC,,,Equifax,FL,33160,,,Web,09/13/2016,Closed with explanation,Yes,,2106903
09/13/2016,Credit card,,Rewards,,,Company has responded to the consumer and the CFPB and chooses not to provide a public response,Wells Fargo & Company,DC,200XX,,,Web,09/13/2016,Closed,Yes,Yes,2107343
09/13/2016,Credit card,,Rewards,,,,Amex,MA,01852,,,Web,09/13/2016,Closed with explanation,Yes,,2107026
09/13/2016,Credit reporting,,Incorrect information on credit report,Information is not mine,,,Equifax,DE,19940,,,Web,09/13/2016,Closed with explanation,Yes,,2108150
09/13/2016,Credit reporting,,Credit reporting company's investigation,Inadequate help over the phone,,,Equifax,FL,333XX,,,Web,09/13/2016,Closed with explanation,Yes,Yes,2105850
09/13/2016,Credit reporting,,Credit reporting company's investigation,Inadequate help over the phone,,,Equifax,FL,33426,,,Web,09/13/2016,Closed with explanation,Yes,Yes,2107411
09/13/2016,Credit reporting,,Incorrect information on credit report,Reinserted previously deleted info,,,Equifax,GA,300XX,,,Web,09/13/2016,Closed with explanation,Yes,Yes,2106876
09/13/2016,Credit reporting,,Incorrect information on credit report,Account status,,,Equifax,MO,63640,,,Web,09/13/2016,Closed with explanation,Yes,,2107509
09/13/2016,Debt collection,Medical,False statements or representation,Attempted to collect wrong amount,,Company believes it acted appropriately as authorized by contract or law,"Capital Accounts, LLC",IL,606XX,,,Web,09/13/2016,Closed with explanation,Yes,Yes,2107073
09/13/2016,Debt collection,Medical,Disclosure verification of debt,Not given enough info to verify debt,,Company believes it acted appropriately as authorized by contract or law,"HCFS Health Care Financial Services, Inc.",FL,330XX,Older American,,Web,09/13/2016,Closed with explanation,Yes,Yes,2107713
09/13/2016,Bank account or service,Checking account,"Account opening, closing, or management",,,Company has responded to the consumer and the CFPB and chooses not to provide a public response,Santander Bank US,CA,94108,,Consent not provided,Web,09/13/2016,Closed with monetary relief,Yes,,2106637
09/13/2016,Credit reporting,,Incorrect information on credit report,Public record,,,Equifax,NM,87401,,,Web,09/13/2016,Closed with explanation,Yes,,2108199
09/13/2016,Credit reporting,,Incorrect information on credit report,Reinserted previously deleted info,,Company has responded to the consumer and the CFPB and chooses not to provide a public response,"TransUnion Intermediate Holdings, Inc.",DE,199XX,,,Web,09/13/2016,Closed with explanation,Yes,Yes,2108777
09/13/2016,Credit reporting,,Incorrect information on credit report,Reinserted previously deleted info,,,Equifax,OK,741XX,,,Web,09/13/2016,In progress,Yes,,2109008
09/13/2016,Credit reporting,,Unable to get credit report/credit score,Problem getting my free annual report,,Company has responded to the consumer and the CFPB and chooses not to provide a public response,"TransUnion Intermediate Holdings, Inc.",CO,802XX,,Other,Web,09/13/2016,Closed with non-monetary relief,Yes,,2110236
09/13/2016,Credit card,,Rewards,,,,Amex,AZ,85254,,,Web,09/13/2016,Closed with explanation,Yes,,2110116
09/13/2016,Credit reporting,,Incorrect information on credit report,Reinserted previously deleted info,,Company has responded to the consumer and the CFPB and chooses not to provide a public response,"TransUnion Intermediate Holdings, Inc.",CT,060XX,,,Web,09/13/2016,Closed with non-monetary relief,Yes,,2110525
09/13/2016,Mortgage,Other mortgage,"Loan servicing, payments, escrow account",,,,Bank of America,NY,11751,,N/A,Referral,09/15/2016,In progress,Yes,,2109148
09/13/2016,Credit reporting,,Incorrect information on credit report,Reinserted previously deleted info,,Company has responded to the consumer and the CFPB and chooses not to provide a public response,"TransUnion Intermediate Holdings, Inc.",FL,349XX,,,Web,09/13/2016,Closed with non-monetary relief,Yes,,2110611
09/13/2016,Debt collection,Mortgage,Disclosure verification of debt,Not given enough info to verify debt,,Company has responded to the consumer and the CFPB and chooses not to provide a public response,Santander Bank US,NJ,08077,,N/A,Postal mail,09/15/2016,Closed with explanation,Yes,Yes,2108588
09/13/2016,Debt collection,"Other (i.e. phone, health club, etc.)",False statements or representation,Attempted to collect wrong amount,,Company believes it acted appropriately as authorized by contract or law,"GLA Collection Company, Inc.",KY,402XX,Servicemember,,Web,09/13/2016,Closed with explanation,Yes,,2110417
09/13/2016,Mortgage,Other mortgage,"Loan servicing, payments, escrow account",,,,"Bayview Loan Servicing, LLC",MD,208XX,,,Web,09/15/2016,In progress,Yes,,2109337
09/13/2016,Debt collection,I do not know,Communication tactics,Frequent or repeated calls,,Company believes it acted appropriately as authorized by contract or law,Senex Services Corp.,TN,37916,,Consent not provided,Web,09/13/2016,Closed with explanation,Yes,,2109445
09/13/2016,Credit reporting,,Incorrect information on credit report,Information is not mine,,,Equifax,PA,19460,,,Web,09/13/2016,Closed with explanation,Yes,,2109020
09/13/2016,Credit reporting,,Incorrect information on credit report,Personal information,,,Equifax,FL,34668,,,Web,09/13/2016,Closed with explanation,Yes,,2109201
09/13/2016,Mortgage,Conventional fixed mortgage,"Loan servicing, payments, escrow account",,,Company has responded to the consumer and the CFPB and chooses not to provide a public response,Wells Fargo & Company,TN,385XX,Older American,,Web,09/13/2016,Closed with explanation,Yes,,2108299
09/13/2016,Payday loan,Payday loan,Charged fees or interest I didn't expect,Charged fees or interest I didn't expect,,,"Advance America, Cash Advance Centers, Inc.",AL,35214,,,Web,09/16/2016,Closed with explanation,Yes,,2108567
09/13/2016,Debt collection,Credit card,Cont'd attempts collect debt not owed,Debt is not mine,,,"Financial Credit Service, Inc.",PA,18640,Older American,,Web,09/13/2016,Closed with explanation,Yes,,2109977
09/13/2016,Credit reporting,,Incorrect information on credit report,Information is not mine,,,Equifax,CA,90018,,,Web,09/13/2016,Closed with explanation,Yes,,2109179
09/13/2016,Credit reporting,,Incorrect information on credit report,Reinserted previously deleted info,,Company has responded to the consumer and the CFPB and chooses not to provide a public response,"TransUnion Intermediate Holdings, Inc.",NY,112XX,,,Web,09/13/2016,Closed with explanation,Yes,,2108657
09/13/2016,Credit reporting,,Incorrect information on credit report,Information is not mine,,Company has responded to the consumer and the CFPB and chooses not to provide a public response,"TransUnion Intermediate Holdings, Inc.",CA,90018,,Consent not provided,Web,09/13/2016,Closed with explanation,Yes,,2110174
09/13/2016,Student loan,Non-federal student loan,Dealing with my lender or servicer,Having problems with customer service,,,"Navient Solutions, Inc.",IL,60504,,,Web,09/13/2016,Closed with explanation,Yes,,2109447
09/13/2016,Student loan,Federal student loan servicing,Dealing with my lender or servicer,Need information about my balance/terms,,Company believes it acted appropriately as authorized by contract or law,Great Lakes,FL,330XX,,,Web,09/13/2016,Closed with explanation,Yes,,2108634
09/13/2016,Debt collection,I do not know,Cont'd attempts collect debt not owed,Debt is not mine,,,"Bull City Financial Solutions, Inc",NC,278XX,,,Web,09/13/2016,Closed with explanation,Yes,,2108769
09/13/2016,Credit reporting,,Incorrect information on credit report,Information is not mine,,,Equifax,FL,33304,,,Web,09/13/2016,Closed with explanation,Yes,,2109283
09/13/2016,Credit reporting,,Incorrect information on credit report,Public record,,,Equifax,NY,112XX,,,Web,09/13/2016,Closed with non-monetary relief,Yes,,2109850
09/13/2016,Debt collection,Medical,False statements or representation,Attempted to collect wrong amount,,Company has responded to the consumer and the CFPB and chooses not to provide a public response,"CMRE Financial Services, Inc.",CA,934XX,,,Web,09/13/2016,Closed with explanation,Yes,,2109227
09/13/2016,Debt collection,Mortgage,Disclosure verification of debt,Right to dispute notice not received,,Company believes it acted appropriately as authorized by contract or law,"Monterey Financial Services, Inc.",VA,23234,,Consent not provided,Web,09/13/2016,Closed with explanation,Yes,,2110282
09/13/2016,Consumer Loan,Vehicle loan,Managing the loan or lease,,,,The Huntington National Bank,FL,34746,,,Web,09/13/2016,Closed with explanation,Yes,,2108280
09/13/2016,Credit reporting,,Incorrect information on credit report,Account terms,,,Equifax,MD,217XX,,,Web,09/13/2016,Closed with explanation,Yes,Yes,2110444
09/13/2016,Credit reporting,,Incorrect information on credit report,Personal information,,,Equifax,IL,61520,Older American,,Web,09/13/2016,Closed with explanation,Yes,,2109919
09/13/2016,Credit reporting,,Unable to get credit report/credit score,Problem getting report or credit score,,,Equifax,GA,303XX,,,Web,09/13/2016,Closed with explanation,Yes,,2110479
09/13/2016,Debt collection,Medical,Disclosure verification of debt,Not disclosed as an attempt to collect,,Company believes it acted appropriately as authorized by contract or law,"Express Recovery Services, Inc.",UT,84103,,Consent not provided,Web,09/13/2016,Closed with non-monetary relief,Yes,,2108553
09/13/2016,Debt collection,Mortgage,Disclosure verification of debt,Right to dispute notice not received,,Company believes it acted appropriately as authorized by contract or law,"Monterey Financial Services, Inc.",VA,23234,,Consent not provided,Web,09/15/2016,Closed with explanation,Yes,,2108266
09/13/2016,Credit card,,Rewards,,,,Amex,NY,11222,,,Web,09/13/2016,Closed with explanation,Yes,Yes,2109497
09/13/2016,Credit reporting,,Incorrect information on credit report,Account status,,,Equifax,NY,12601,Older American,N/A,Phone,09/13/2016,Closed with non-monetary relief,Yes,,2108701
09/13/2016,Credit reporting,,Unable to get credit report/credit score,Problem getting report or credit score,,,Equifax,OR,97236,Older American,N/A,Phone,09/13/2016,Closed with explanation,Yes,,2108405
09/13/2016,Credit reporting,,Improper use of my credit report,Report improperly shared by CRC,,,Equifax,NY,112XX,,,Web,09/13/2016,In progress,Yes,,2108323
09/13/2016,Debt collection,I do not know,Cont'd attempts collect debt not owed,Debt is not mine,,Company believes it acted appropriately as authorized by contract or law,"Harris & Harris, Ltd.",AZ,850XX,Older American,,Web,09/13/2016,Closed with explanation,Yes,,2110488
09/13/2016,Credit reporting,,Incorrect information on credit report,Reinserted previously deleted info,,Company has responded to the consumer and the CFPB and chooses not to provide a public response,"TransUnion Intermediate Holdings, Inc.",FL,336XX,,,Web,09/13/2016,Closed with non-monetary relief,Yes,,2108690
09/13/2016,Debt collection,Credit card,Taking/threatening an illegal action,Threatened to sue on too old debt,,,"Meridian Financial Services, Inc.",CO,80016,,,Web,09/13/2016,In progress,Yes,,2110370
09/13/2016,Debt collection,I do not know,Cont'd attempts collect debt not owed,Debt is not mine,,,"Contract Callers, Inc.",IL,60466,,,Web,09/13/2016,In progress,Yes,,2108928
09/13/2016,Debt collection,Medical,Cont'd attempts collect debt not owed,Debt is not mine,,Company believes the complaint is the result of a misunderstanding,"AR Resources, Inc. (FL)",FL,322XX,,,Web,09/13/2016,Closed with explanation,Yes,,2110022
09/13/2016,Credit reporting,,Incorrect information on credit report,Account status,,Company has responded to the consumer and the CFPB and chooses not to provide a public response,"TransUnion Intermediate Holdings, Inc.",FL,329XX,,,Web,09/13/2016,Closed with explanation,Yes,,2109051
09/13/2016,Credit reporting,,Credit reporting company's investigation,Problem with statement of dispute,,,Equifax,VA,23899,Older American,,Web,09/13/2016,Closed with explanation,Yes,,2110591
09/13/2016,Credit reporting,,Incorrect information on credit report,Reinserted previously deleted info,,,Equifax,CA,92805,,,Web,09/13/2016,In progress,Yes,,2108978
09/13/2016,Mortgage,Conventional fixed mortgage,"Loan servicing, payments, escrow account",,,,Navy FCU,TN,381XX,Servicemember,,Web,09/13/2016,In progress,Yes,,2109166
09/13/2016,Credit reporting,,Improper use of my credit report,Received marketing offer after opted out,,,Equifax,IL,606XX,,,Web,09/13/2016,Closed with explanation,Yes,,2109990
09/13/2016,Credit reporting,,Incorrect information on credit report,Information is not mine,,,Equifax,AZ,85286,,,Web,09/13/2016,Closed with explanation,Yes,,2110304
09/13/2016,Bank account or service,(CD) Certificate of deposit,"Account opening, closing, or management",,,,Ally Financial Inc.,NJ,08083,,N/A,Referral,09/15/2016,In progress,Yes,,2109206
09/13/2016,Credit reporting,,Incorrect information on credit report,Information is not mine,,,Equifax,TX,79363,,,Web,09/13/2016,Closed with explanation,Yes,,2109532
09/13/2016,Credit reporting,,Incorrect information on credit report,Account status,,,Equifax,CA,94129,,,Web,09/13/2016,In progress,Yes,,2110407
09/13/2016,Credit reporting,,Incorrect information on credit report,Information is not mine,,,Equifax,AZ,85286,,,Web,09/13/2016,Closed with explanation,Yes,,2110709
09/13/2016,Credit reporting,,Incorrect information on credit report,Reinserted previously deleted info,,Company has responded to the consumer and the CFPB and chooses not to provide a public response,"TransUnion Intermediate Holdings, Inc.",CT,06042,,Consent not provided,Web,09/13/2016,Closed with non-monetary relief,Yes,,2109163
09/13/2016,Credit reporting,,Incorrect information on credit report,Information is not mine,,,Equifax,TX,79424,,,Web,09/13/2016,Closed with explanation,Yes,,2108896
09/13/2016,Credit reporting,,Incorrect information on credit report,Account status,,,Equifax,FL,32962,,,Web,09/13/2016,Closed with explanation,Yes,,2108939
09/13/2016,Credit reporting,,Incorrect information on credit report,Information is not mine,,,Equifax,TX,78753,,,Web,09/13/2016,In progress,Yes,,2109600
09/13/2016,Mortgage,Conventional adjustable mortgage (ARM),"Loan servicing, payments, escrow account",,,Company has responded to the consumer and the CFPB and chooses not to provide a public response,Wells Fargo & Company,CO,80130,,N/A,Phone,09/13/2016,Closed with explanation,Yes,,2110645
09/13/2016,Mortgage,Other mortgage,Settlement process and costs,,,,"OneMain Financial Holdings, LLC",IN,476XX,"Older American, Servicemember",,Web,09/13/2016,In progress,Yes,,2109385
09/13/2016,Debt collection,"Other (i.e. phone, health club, etc.)",Cont'd attempts collect debt not owed,Debt is not mine,,Company believes it acted appropriately as authorized by contract or law,Stellar Recovery Inc.,FL,33436,,Consent not provided,Web,09/13/2016,Closed with explanation,Yes,,2110338
09/13/2016,Consumer Loan,Vehicle loan,Problems when you are unable to pay,,,,Ally Financial Inc.,NC,274XX,,,Web,09/13/2016,In progress,Yes,,2110390
09/13/2016,Mortgage,Conventional fixed mortgage,"Loan servicing, payments, escrow account",,,,"Bayview Loan Servicing, LLC",MN,554XX,Older American,,Web,09/16/2016,In progress,Yes,,2109423
09/13/2016,Credit reporting,,Incorrect information on credit report,Public record,,,Equifax,AL,356XX,,,Web,09/13/2016,Closed with explanation,Yes,,2109927
09/13/2016,Debt collection,I do not know,Communication tactics,Called outside of 8am-9pm,,Company believes it acted appropriately as authorized by contract or law,ERC,IL,60440,,Consent not provided,Web,09/13/2016,Closed with non-monetary relief,Yes,,2108221
09/13/2016,Debt collection,Medical,Cont'd attempts collect debt not owed,Debt is not mine,,,"ONLINE Information Services, Inc.",NJ,070XX,,,Web,09/13/2016,Closed with explanation,Yes,,2109355
09/13/2016,Credit reporting,,Incorrect information on credit report,Account terms,,Company has responded to the consumer and the CFPB and chooses not to provide a public response,"On-Site Manager, Inc.",CA,95126,,Consent not provided,Web,09/13/2016,Closed with explanation,Yes,,2109837
09/13/2016,Credit card,,Rewards,,,Company has responded to the consumer and the CFPB and chooses not to provide a public response,Wells Fargo & Company,TX,75205,,Consent not provided,Web,09/13/2016,Closed with explanation,Yes,,2108565
09/13/2016,Debt collection,Payday loan,Improper contact or sharing of info,Contacted me after I asked not to,,,"Advance America, Cash Advance Centers, Inc.",OH,453XX,,,Web,09/13/2016,Closed with explanation,Yes,,2108591
09/13/2016,Debt collection,"Other (i.e. phone, health club, etc.)",Disclosure verification of debt,Not given enough info to verify debt,,Company believes it acted appropriately as authorized by contract or law,ERC,TX,760XX,,,Web,09/13/2016,Closed,Yes,,2109495
09/13/2016,Credit reporting,,Incorrect information on credit report,Information is not mine,,,Equifax,TX,79412,,,Web,09/13/2016,In progress,Yes,,2108344
09/13/2016,Credit reporting,,Incorrect information on credit report,Personal information,,,Equifax,FL,336XX,,,Web,09/13/2016,Closed with explanation,Yes,,2108306
09/13/2016,Mortgage,Conventional adjustable mortgage (ARM),"Loan modification,collection,foreclosure",,,,Ocwen,CA,936XX,,,Web,09/13/2016,Closed with explanation,Yes,,2108154
09/13/2016,Credit reporting,,Incorrect information on credit report,Account status,,,Equifax,PA,194XX,,,Web,09/13/2016,Closed with explanation,Yes,,2109995
09/13/2016,Debt collection,I do not know,Disclosure verification of debt,Not given enough info to verify debt,,Company believes it acted appropriately as authorized by contract or law,"Metro Collection Service, Inc.",CA,94013,,Consent not provided,Web,09/13/2016,Closed with explanation,Yes,,2109674
09/13/2016,Credit reporting,,Credit reporting company's investigation,Investigation took too long,,,Equifax,NC,27713,,,Web,09/13/2016,Closed with explanation,Yes,,2109515
09/13/2016,Credit card,,APR or interest rate,,,Company has responded to the consumer and the CFPB and chooses not to provide a public response,Wells Fargo & Company,NV,890XX,Servicemember,,Web,09/13/2016,Closed with explanation,Yes,Yes,2110452
09/13/2016,Mortgage,Other mortgage,"Application, originator, mortgage broker",,,,Flagstar Bank,FL,328XX,,,Web,09/13/2016,In progress,Yes,,2109286
09/13/2016,Credit reporting,,Credit reporting company's investigation,Investigation took too long,,,Equifax,SC,29732,,,Web,09/13/2016,Closed with explanation,Yes,,2108159
09/13/2016,Credit reporting,,Incorrect information on credit report,Information is not mine,,,Equifax,MI,49007,,,Web,09/13/2016,In progress,Yes,,2108614
09/13/2016,Credit reporting,,Unable to get credit report/credit score,Problem getting report or credit score,,,Equifax,NY,12202,,,Web,09/13/2016,Closed with non-monetary relief,Yes,,2108861
09/13/2016,Credit card,,Rewards,,,,Amex,MD,212XX,,,Web,09/13/2016,Closed with explanation,Yes,Yes,2109012
09/13/2016,Debt collection,I do not know,Disclosure verification of debt,Not given enough info to verify debt,,,"Account Managers, Inc.",WA,98513,,,Web,09/13/2016,Closed with explanation,Yes,,2108204
09/13/2016,Credit reporting,,Incorrect information on credit report,Information is not mine,,,Equifax,WA,98513,,,Web,09/13/2016,Closed with explanation,Yes,,2108900
09/13/2016,Bank account or service,Checking account,"Account opening, closing, or management",,,,Navy FCU,,,,N/A,Referral,09/15/2016,In progress,Yes,,2110083
09/13/2016,Bank account or service,Other bank product/service,"Account opening, closing, or management",,,,Navy FCU,CO,80466,,N/A,Referral,09/15/2016,In progress,Yes,,2110221
09/13/2016,Credit reporting,,Incorrect information on credit report,Public record,,Company has responded to the consumer and the CFPB and chooses not to provide a public response,"TransUnion Intermediate Holdings, Inc.",GA,31324,,Consent not provided,Web,09/13/2016,Closed with explanation,Yes,,2110677
09/13/2016,Debt collection,"Other (i.e. phone, health club, etc.)",Cont'd attempts collect debt not owed,Debt was paid,,Company has responded to the consumer and the CFPB and chooses not to provide a public response,"ProCollect, Inc",TX,75024,,Consent not provided,Web,09/13/2016,Closed with explanation,Yes,,2108237
09/13/2016,Credit reporting,,Incorrect information on credit report,Public record,,,Equifax,GA,31324,,,Web,09/13/2016,Closed with explanation,Yes,,2109444
09/13/2016,Debt collection,Auto,Cont'd attempts collect debt not owed,Debt is not mine,,,"NCB Management Services, Inc.",MI,48195,,,Web,09/13/2016,Closed with explanation,Yes,,2109962
09/13/2016,Credit reporting,,Incorrect information on credit report,Account terms,,,Equifax,CO,80026,,,Web,09/13/2016,Closed with explanation,Yes,,2110409
09/13/2016,Credit reporting,,Incorrect information on credit report,Public record,,,Equifax,NJ,088XX,,,Web,09/13/2016,Closed with explanation,Yes,,2109422
09/13/2016,Credit reporting,,Incorrect information on credit report,Information is not mine,,,Equifax,WA,98513,,,Web,09/13/2016,Closed with explanation,Yes,,2109489
09/13/2016,Credit reporting,,Incorrect information on credit report,Public record,,,Equifax,OH,43219,Older American,,Web,09/13/2016,Closed with explanation,Yes,,2108423
09/13/2016,Credit reporting,,Unable to get credit report/credit score,Problem getting report or credit score,,Company believes complaint caused principally by actions of third party outside the control or direction of the company,"Credit Karma, Inc.",TX,770XX,,,Web,09/13/2016,Closed with explanation,Yes,,2110099
09/13/2016,Credit reporting,,Incorrect information on credit report,Account terms,,,Equifax,AZ,853XX,,,Web,09/13/2016,Closed with explanation,Yes,,2109076
09/13/2016,Credit reporting,,Incorrect information on credit report,Public record,,,Equifax,IL,60827,,,Web,09/13/2016,Closed with explanation,Yes,,2109554
09/13/2016,Credit reporting,,Incorrect information on credit report,Public record,,Company has responded to the consumer and the CFPB and chooses not to provide a public response,"TransUnion Intermediate Holdings, Inc.",IL,60827,,Consent not provided,Web,09/13/2016,Closed with explanation,Yes,,2108532
09/13/2016,Mortgage,Other mortgage,"Loan modification,collection,foreclosure",,,,"Bayview Loan Servicing, LLC",CA,92704,,N/A,Referral,09/16/2016,In progress,Yes,,2108196
09/13/2016,Mortgage,VA mortgage,"Loan modification,collection,foreclosure",,,Company has responded to the consumer and the CFPB and chooses not to provide a public response,Freedom Mortgage,CA,960XX,Servicemember,,Web,09/13/2016,Closed with explanation,Yes,,2110152
09/13/2016,Debt collection,"Other (i.e. phone, health club, etc.)",Disclosure verification of debt,Not given enough info to verify debt,,,"Convergent Resources, Inc.",WI,53546,,,Web,09/13/2016,Closed with explanation,Yes,,2109485
09/13/2016,Credit reporting,,Incorrect information on credit report,Information is not mine,,,Equifax,FL,330XX,,,Web,09/13/2016,Closed with explanation,Yes,,2109285
09/14/2016,Credit reporting,,Credit reporting company's investigation,Investigation took too long,,,Equifax,CA,921XX,,,Web,09/14/2016,Closed with explanation,Yes,,2108725
09/14/2016,Credit reporting,,Incorrect information on credit report,Public record,,,Equifax,CA,345XX,,,Web,09/14/2016,Closed with explanation,Yes,,2109583
09/14/2016,Credit card,,Closing/Cancelling account,,,Company has responded to the consumer and the CFPB and chooses not to provide a public response,Wells Fargo & Company,TX,77083,,Consent not provided,Web,09/14/2016,Closed with explanation,Yes,,2109823
09/14/2016,Credit card,,APR or interest rate,,,Company has responded to the consumer and the CFPB and chooses not to provide a public response,Wells Fargo & Company,FL,335XX,,,Web,09/14/2016,Closed with explanation,Yes,,2108870
09/14/2016,Payday loan,Payday loan,Charged fees or interest I didn't expect,Charged fees or interest I didn't expect,,,CNG Financial Corporation,TX,774XX,,,Web,09/14/2016,Closed with explanation,Yes,,2108571
09/14/2016,Debt collection,Payday loan,Taking/threatening an illegal action,Threatened arrest/jail if do not pay,,,"Advance America, Cash Advance Centers, Inc.",CA,941XX,,,Web,09/14/2016,Closed with explanation,Yes,,2109123
09/14/2016,Debt collection,Medical,Taking/threatening an illegal action,Sued w/o proper notification of suit,,,Clark County Collection Service,NV,89011,,,Web,09/14/2016,Closed,Yes,,2110594
09/14/2016,Credit reporting,,Credit reporting company's investigation,Investigation took too long,,,Equifax,CA,956XX,Older American,,Web,09/14/2016,Closed with explanation,Yes,,2109749
09/14/2016,Credit reporting,,Incorrect information on credit report,Information is not mine,,,Equifax,PA,180XX,,,Web,09/14/2016,Closed with explanation,Yes,,2109710
09/14/2016,Debt collection,"Other (i.e. phone, health club, etc.)",Cont'd attempts collect debt not owed,Debt is not mine,,,"Convergent Resources, Inc.",NJ,08055,Older American,,Web,09/14/2016,Closed with explanation,Yes,,2109342
09/14/2016,Credit card,,Rewards,,,,Amex,NJ,070XX,,,Web,09/14/2016,Closed with explanation,Yes,,2109379
09/14/2016,Credit reporting,,Incorrect information on credit report,Reinserted previously deleted info,,Company has responded to the consumer and the CFPB and chooses not to provide a public response,"TransUnion Intermediate Holdings, Inc.",TX,791XX,,Other,Web,09/14/2016,Closed with non-monetary relief,Yes,,2109328
09/14/2016,Credit reporting,,Improper use of my credit report,Report improperly shared by CRC,,Company has responded to the consumer and the CFPB and chooses not to provide a public response,"TransUnion Intermediate Holdings, Inc.",IL,60659,,Consent not provided,Web,09/14/2016,Closed with explanation,Yes,,2108704
09/14/2016,Credit reporting,,Incorrect information on credit report,Reinserted previously deleted info,,,Equifax,IL,60538,,,Web,09/14/2016,In progress,Yes,,2110271
09/14/2016,Credit card,,Rewards,,,,Amex,TX,75244,,,Web,09/14/2016,Closed with explanation,Yes,,2108533
09/14/2016,Debt collection,Medical,Improper contact or sharing of info,Talked to a third party about my debt,,Company disputes the facts presented in the complaint,Advantage Financial Service LLC (Idaho),ID,836XX,,,Web,09/14/2016,Closed with explanation,Yes,Yes,2111414
09/14/2016,Debt collection,Credit card,Communication tactics,Frequent or repeated calls,,,"CL Holdings, LLC",TX,75017,,,Web,09/14/2016,Closed with non-monetary relief,Yes,,2113082
09/14/2016,Bank account or service,Savings account,"Account opening, closing, or management",,,Company has responded to the consumer and the CFPB and chooses not to provide a public response,Wells Fargo & Company,CA,94530,,Consent not provided,Web,09/14/2016,Closed with explanation,Yes,,2112874
09/14/2016,Credit card,,Closing/Cancelling account,,,Company has responded to the consumer and the CFPB and chooses not to provide a public response,Wells Fargo & Company,CA,946XX,,,Web,09/14/2016,Closed with explanation,Yes,,2110786
09/14/2016,Debt collection,I do not know,Cont'd attempts collect debt not owed,Debt is not mine,,Company believes it acted appropriately as authorized by contract or law,"First National Collection Bureau, Inc.",AZ,864XX,,,Web,09/14/2016,Closed with explanation,Yes,,2112287
09/14/2016,Credit reporting,,Incorrect information on credit report,Information is not mine,,Company has responded to the consumer and the CFPB and chooses not to provide a public response,"TransUnion Intermediate Holdings, Inc.",NJ,07936,,Consent not provided,Web,09/14/2016,Closed with non-monetary relief,Yes,,2111592
09/14/2016,Credit reporting,,Incorrect information on credit report,Information is not mine,,Company has responded to the consumer and the CFPB and chooses not to provide a public response,"TransUnion Intermediate Holdings, Inc.",PA,172XX,,,Web,09/14/2016,Closed with explanation,Yes,,2110799
09/14/2016,Debt collection,"Other (i.e. phone, health club, etc.)",Cont'd attempts collect debt not owed,Debt is not mine,,,"Convergent Resources, Inc.",MA,018XX,,,Web,09/14/2016,Closed with explanation,Yes,,2110781
09/14/2016,Debt collection,"Other (i.e. phone, health club, etc.)",Cont'd attempts collect debt not owed,Debt is not mine,,,"The CBE Group, Inc.",VA,224XX,,,Web,09/14/2016,Closed with explanation,Yes,,2111397
09/14/2016,Consumer Loan,Vehicle loan,Managing the loan or lease,,,,Navy FCU,,,,N/A,Referral,09/15/2016,In progress,Yes,,2112532
09/14/2016,Money transfers,Domestic (US) money transfer,Other transaction issues,,,Company has responded to the consumer and the CFPB and chooses not to provide a public response,Wells Fargo & Company,IA,515XX,,,Web,09/14/2016,Closed with explanation,Yes,,2112705
09/14/2016,Debt collection,Medical,Cont'd attempts collect debt not owed,Debt is not mine,,,"CRA Collections, Inc",DE,198XX,,,Web,09/14/2016,Closed,Yes,,2112127
09/14/2016,Debt collection,Medical,Communication tactics,Frequent or repeated calls,,,"State Collection Service, Inc.",WI,53110,,,Web,09/14/2016,Closed with explanation,Yes,,2111579
09/14/2016,Credit card,,Other,,,,Amex,CA,94306,,N/A,Postal mail,09/15/2016,Closed with explanation,Yes,,2110875
09/14/2016,Mortgage,Conventional fixed mortgage,"Loan modification,collection,foreclosure",,,,"Fay Servicing, LLC",NJ,079XX,,,Web,09/14/2016,Closed with explanation,Yes,,2112795
09/14/2016,Debt collection,I do not know,Cont'd attempts collect debt not owed,Debt is not mine,,Company believes the complaint is the result of a misunderstanding,ERC,WA,98684,Older American,Consent not provided,Web,09/14/2016,Closed with non-monetary relief,Yes,,2112363
09/14/2016,Debt collection,I do not know,Cont'd attempts collect debt not owed,Debt is not mine,,Company has responded to the consumer and the CFPB and chooses not to provide a public response,Wells Fargo & Company,NY,10031,,N/A,Phone,09/14/2016,Closed with non-monetary relief,Yes,,2113051
09/14/2016,Debt collection,Medical,False statements or representation,Indicated committed crime not paying,,,"CMRE Financial Services, Inc.",CA,902XX,Older American,,Web,09/14/2016,In progress,Yes,,2111866
09/14/2016,Debt collection,"Other (i.e. phone, health club, etc.)",Cont'd attempts collect debt not owed,Debt is not mine,,,"The CBE Group, Inc.",CA,95765,Servicemember,,Web,09/14/2016,Closed with explanation,Yes,,2112133
09/14/2016,Debt collection,Medical,Cont'd attempts collect debt not owed,Debt was paid,,,MiraMed Revenue Group LLC,WI,549XX,Servicemember,,Web,09/14/2016,Closed with explanation,Yes,,2110791
09/14/2016,Debt collection,"Other (i.e. phone, health club, etc.)",Cont'd attempts collect debt not owed,Debt is not mine,,,AllianceOne Recievables Management,OH,45804,Servicemember,,Web,09/14/2016,Closed with non-monetary relief,Yes,,2112752
09/14/2016,Debt collection,"Other (i.e. phone, health club, etc.)",False statements or representation,Attempted to collect wrong amount,,,"NCB Management Services, Inc.",CA,914XX,,,Web,09/14/2016,Closed with explanation,Yes,,2112521
09/14/2016,Credit reporting,,Incorrect information on credit report,Personal information,,Company has responded to the consumer and the CFPB and chooses not to provide a public response,"TransUnion Intermediate Holdings, Inc.",FL,32024,,Consent not provided,Web,09/14/2016,Closed with non-monetary relief,Yes,,2110731
09/14/2016,Credit card,,Other,,,,Navy FCU,WA,98513,,,Web,09/14/2016,In progress,Yes,,2112935
09/14/2016,Bank account or service,Checking account,"Account opening, closing, or management",,,,Navy FCU,WA,98513,,,Web,09/14/2016,In progress,Yes,,2112189
09/14/2016,Debt collection,I do not know,Cont'd attempts collect debt not owed,Debt was paid,,,Navy FCU,WA,98513,,,Web,09/14/2016,In progress,Yes,,2112460
09/14/2016,Consumer Loan,Vehicle lease,Managing the loan or lease,,,,Nissan Motor Acceptance Corporation,WA,98513,,,Web,09/14/2016,In progress,Yes,,2112219
09/14/2016,Debt collection,I do not know,Cont'd attempts collect debt not owed,Debt was paid,,,Nissan Motor Acceptance Corporation,WA,98513,,,Web,09/14/2016,In progress,Yes,,2111842
09/14/2016,Consumer Loan,Vehicle lease,Managing the loan or lease,,,,Nissan Motor Acceptance Corporation,TX,76248,,,Web,09/14/2016,In progress,Yes,,2112129
09/14/2016,Credit reporting,,Credit reporting company's investigation,Problem with statement of dispute,,Company has responded to the consumer and the CFPB and chooses not to provide a public response,"TransUnion Intermediate Holdings, Inc.",LA,707XX,,,Web,09/14/2016,Closed with explanation,Yes,,2111608
09/14/2016,Debt collection,Medical,Disclosure verification of debt,Right to dispute notice not received,,Company believes it acted appropriately as authorized by contract or law,"Overton, Russell, Doerr and Donovan, LLP",NY,12010,,Consent not provided,Web,09/14/2016,Closed with explanation,Yes,Yes,2112884
09/14/2016,Mortgage,Conventional fixed mortgage,"Loan modification,collection,foreclosure",,,,Flagstar Bank,RI,02915,,,Web,09/14/2016,In progress,Yes,,2111736
09/14/2016,Debt collection,"Other (i.e. phone, health club, etc.)",Disclosure verification of debt,Not given enough info to verify debt,,Company believes the complaint is the result of a misunderstanding,Springer Collections Inc.,TX,77074,,Consent not provided,Web,09/14/2016,Closed with explanation,Yes,Yes,2111930
09/14/2016,Bank account or service,Checking account,Deposits and withdrawals,,,Company has responded to the consumer and the CFPB and chooses not to provide a public response,Wells Fargo & Company,TX,759XX,Older American,,Web,09/14/2016,Closed with monetary relief,Yes,,2111543
09/14/2016,Credit card,,Identity theft / Fraud / Embezzlement,,,Company has responded to the consumer and the CFPB and chooses not to provide a public response,Wells Fargo & Company,SC,29485,,Consent not provided,Web,09/14/2016,Closed with explanation,Yes,,2112862
09/14/2016,Credit reporting,,Incorrect information on credit report,Reinserted previously deleted info,,Company has responded to the consumer and the CFPB and chooses not to provide a public response,"TransUnion Intermediate Holdings, Inc.",NJ,08012,,Consent not provided,Web,09/14/2016,Closed with non-monetary relief,Yes,,2112895
09/14/2016,Bank account or service,Other bank product/service,"Making/receiving payments, sending money",,,Company has responded to the consumer and the CFPB and chooses not to provide a public response,Bank of America,FL,347XX,"Older American, Servicemember",,Web,09/14/2016,Closed with explanation,Yes,,2112684
09/14/2016,Bank account or service,Checking account,"Account opening, closing, or management",,,,Navy FCU,IL,61832,,N/A,Phone,09/14/2016,In progress,Yes,,2112478
09/14/2016,Credit reporting,,Incorrect information on credit report,Personal information,,Company believes complaint caused principally by actions of third party outside the control or direction of the company,"Credit Karma, Inc.",FL,346XX,Older American,,Web,09/14/2016,Closed with explanation,Yes,,2112662
09/14/2016,Consumer Loan,Vehicle loan,Managing the loan or lease,,,,Nissan Motor Acceptance Corporation,IL,601XX,,,Web,09/14/2016,In progress,Yes,,2111785
09/14/2016,Debt collection,"Other (i.e. phone, health club, etc.)",Communication tactics,Called outside of 8am-9pm,,,"Harvard Collections, LLC",IN,468XX,,,Web,09/14/2016,Closed with explanation,Yes,,2111845
09/15/2016,Debt collection,Medical,Cont'd attempts collect debt not owed,Debt is not mine,,,"Receivables Outsourcing, Inc.",MD,207XX,Servicemember,,Web,09/15/2016,In progress,Yes,,2110923
09/15/2016,Debt collection,I do not know,Cont'd attempts collect debt not owed,Debt is not mine,,,TekCollect Inc.,GA,31061,,,Web,09/15/2016,Closed with explanation,Yes,,2110883
09/15/2016,Credit card,,Advertising and marketing,,,Company has responded to the consumer and the CFPB and chooses not to provide a public response,Wells Fargo & Company,MA,014XX,,,Web,09/15/2016,Closed with explanation,Yes,Yes,2112907
09/15/2016,Credit card,,Rewards,,,,Amex,NY,11225,,,Web,09/15/2016,Closed with explanation,Yes,,2111880
09/15/2016,Debt collection,Medical,Cont'd attempts collect debt not owed,Debt is not mine,,,"Receivables Outsourcing, Inc.",MD,207XX,Servicemember,,Web,09/15/2016,In progress,Yes,,2112799
09/15/2016,Debt collection,"Other (i.e. phone, health club, etc.)",Disclosure verification of debt,Not disclosed as an attempt to collect,,Company can't verify or dispute the facts in the complaint,"The CMI Group, Inc.",TN,379XX,,,Web,09/15/2016,Closed with explanation,Yes,,2111142
09/15/2016,Debt collection,Medical,Cont'd attempts collect debt not owed,Debt was paid,,Company believes it acted appropriately as authorized by contract or law,AmeriCollect,WI,537XX,Older American,,Web,09/15/2016,Closed with explanation,Yes,,2112162
09/15/2016,Mortgage,Conventional fixed mortgage,"Loan servicing, payments, escrow account",,,Company has responded to the consumer and the CFPB and chooses not to provide a public response,Freedom Mortgage,CA,945XX,,,Web,09/15/2016,Closed with explanation,Yes,,2111745
09/15/2016,Debt collection,Medical,Cont'd attempts collect debt not owed,Debt is not mine,,Company has responded to the consumer and the CFPB and chooses not to provide a public response,"Debt Recovery Solutions, LLC",MD,20769,Servicemember,Consent not provided,Web,09/15/2016,Closed with explanation,Yes,,2112438
09/15/2016,Debt collection,Medical,Cont'd attempts collect debt not owed,Debt is not mine,,Company has responded to the consumer and the CFPB and chooses not to provide a public response,"Debt Recovery Solutions, LLC",MD,207XX,Servicemember,,Web,09/15/2016,Closed with explanation,Yes,,2110819
09/15/2016,Debt collection,Medical,Cont'd attempts collect debt not owed,Debt is not mine,,Company has responded to the consumer and the CFPB and chooses not to provide a public response,"Debt Recovery Solutions, LLC",MD,20769,Servicemember,Consent not provided,Web,09/15/2016,Closed with explanation,Yes,,2112283
09/15/2016,Credit card,,Rewards,,,,Amex,NJ,08904,,,Web,09/15/2016,Closed with explanation,Yes,,2111852
09/15/2016,Debt collection,"Other (i.e. phone, health club, etc.)",Cont'd attempts collect debt not owed,Debt was paid,,Company believes it acted appropriately as authorized by contract or law,"Credit Protection Association, L.P.",IA,503XX,,,Web,09/15/2016,Closed with non-monetary relief,Yes,,2113510
09/15/2016,Debt collection,"Other (i.e. phone, health club, etc.)",Cont'd attempts collect debt not owed,Debt is not mine,,,Account Liquidation Services Inc.,TN,383XX,,,Web,09/15/2016,Closed with non-monetary relief,Yes,Yes,2114272
09/15/2016,Debt collection,I do not know,Communication tactics,Frequent or repeated calls,,Company believes it acted appropriately as authorized by contract or law,"Monterey Financial Services, Inc.",TX,77096,,Consent not provided,Web,09/15/2016,Closed with explanation,Yes,,2114163
09/15/2016,Debt collection,Credit card,Taking/threatening an illegal action,Threatened to sue on too old debt,,,HSBC North America Holdings Inc.,NJ,08753,,,Web,09/15/2016,Closed with explanation,Yes,,2113342
09/15/2016,Credit card,,Other,,,,Amex,GA,30319,,N/A,Postal mail,09/15/2016,Closed with non-monetary relief,Yes,,2114121
09/15/2016,Mortgage,Other mortgage,"Loan servicing, payments, escrow account",,,Company believes complaint is the result of an isolated error,"Shellpoint Partners, LLC",MD,21228,,Consent not provided,Web,09/15/2016,Closed with explanation,Yes,,2114712
09/15/2016,Consumer Loan,Personal line of credit,Managing the line of credit,,,Company has responded to the consumer and the CFPB and chooses not to provide a public response,BMO Harris,IL,60193,"Older American, Servicemember",N/A,Phone,09/15/2016,Closed with explanation,Yes,,2114207
09/15/2016,Debt collection,I do not know,Disclosure verification of debt,Not given enough info to verify debt,,,"Escallate, LLC",OH,440XX,,,Web,09/15/2016,Closed with explanation,Yes,,2113282
09/15/2016,Debt collection,Payday loan,Taking/threatening an illegal action,Threatened arrest/jail if do not pay,,,"Platinum Holdings Group, LLC",TX,779XX,,,Web,09/15/2016,In progress,Yes,,2114637
09/15/2016,Debt collection,Credit card,Cont'd attempts collect debt not owed,Debt resulted from identity theft,,,Hunt & Henriques,CA,92679,,,Web,09/15/2016,Closed,Yes,,2114729
09/15/2016,Consumer Loan,Vehicle loan,Managing the loan or lease,,,,Ally Financial Inc.,NJ,077XX,,,Web,09/15/2016,In progress,Yes,,2113518
09/15/2016,Credit reporting,,Incorrect information on credit report,Public record,,,First Advantage Corporation,OK,730XX,,,Web,09/15/2016,Closed with explanation,Yes,,2114556
09/15/2016,Mortgage,Conventional adjustable mortgage (ARM),"Loan modification,collection,foreclosure",,,,"Fay Servicing, LLC",CA,91748,,,Web,09/15/2016,Closed with explanation,Yes,,2115226
09/15/2016,Debt collection,"Other (i.e. phone, health club, etc.)",Cont'd attempts collect debt not owed,Debt was paid,,,"Diversified Consultants, Inc.",MO,631XX,,,Web,09/15/2016,Closed with explanation,Yes,Yes,2114735
09/15/2016,Debt collection,Medical,Disclosure verification of debt,Not given enough info to verify debt,,,"Optimum Outcomes, Inc.",NC,288XX,,,Web,09/15/2016,In progress,Yes,,2114716
09/15/2016,Consumer Loan,Vehicle loan,Managing the loan or lease,,,Company has responded to the consumer and the CFPB and chooses not to provide a public response,Ally Financial Inc.,OH,44120,Older American,N/A,Phone,09/15/2016,Closed with explanation,Yes,,2114813
09/16/2016,Debt collection,Mortgage,Improper contact or sharing of info,Talked to a third party about my debt,,Company believes it acted appropriately as authorized by contract or law,"BWW Law Group, LLC",MD,21046,,Consent not provided,Web,09/16/2016,Closed with explanation,Yes,,2113943
09/16/2016,Consumer Loan,Vehicle lease,Managing the loan or lease,,,,Ally Financial Inc.,CA,957XX,Servicemember,,Web,09/16/2016,In progress,Yes,,2115014
09/16/2016,Credit card,,Advertising and marketing,,,,Amex,TX,762XX,,,Web,09/16/2016,Closed with explanation,Yes,,2114976
09/16/2016,Money transfers,Domestic (US) money transfer,Money was not available when promised,,,,MoneyGram,OK,83439,,,Web,09/16/2016,In progress,Yes,,2113898
09/16/2016,Debt collection,I do not know,Cont'd attempts collect debt not owed,Debt is not mine,,,Ally Financial Inc.,FL,334XX,,,Web,09/16/2016,In progress,Yes,,2117075
09/16/2016,Mortgage,Conventional fixed mortgage,"Loan servicing, payments, escrow account",,,Company has responded to the consumer and the CFPB and chooses not to provide a public response,Freedom Mortgage,FL,322XX,,,Web,09/16/2016,Closed with explanation,Yes,Yes,2116697
09/16/2016,Bank account or service,Other bank product/service,"Account opening, closing, or management",,,,Amex,SC,29201,,,Web,09/16/2016,Closed with explanation,Yes,Yes,2115875
09/17/2016,Credit reporting,,Improper use of my credit report,Report improperly shared by CRC,,Company believes complaint caused principally by actions of third party outside the control or direction of the company,"Credit Karma, Inc.",MS,393XX,,,Web,09/17/2016,Closed with explanation,Yes,,2117530
